model,roc_auc,pr_auc,recall_fraud,precision_fraud,f1_fraud
Random Forest,0.9453275602789636,0.7216872240568755,0.5346534653465347,0.7012987012987013,0.6067415730337079
Decision Tree,0.776601972123818,0.3718920690590316,0.6039603960396039,0.5545454545454546,0.5781990521327014
